Cliente,Producto
CONCESIONARIA VUELA COMPAÑIA DE,FAJILLA RETIRADO EQUIPAJE
FORMAS EFICIENTES SA DE CV,VALE DOTACIONES
FORMULARIOS DE MEXICO SA DE CV,ETIQUETAS EQUIPAJE
FORMULARIOS DE MEXICO SA DE CV,FUNDACION BEST DENTALES
FORMULARIOS DE MEXICO SA DE CV,FUNDACION BEST NORMALES
FORMULARIOS DE MEXICO SA DE CV,FUNDACION BEST NUTRICIONALES
GENERAL MOTORS DE MEXICO S. DE R.,CHECKLIST MONTACARGAS ELECTRICO
GENERAL MOTORS DE MEXICO S. DE R.,CHECKLIST SHUTTLE VAGON
GENERAL MOTORS DE MEXICO S. DE R.,CHECKLIST TUGGER ELECTRICO
GENERAL MOTORS DE MEXICO S. DE R.,FIT 0545 TARJETA MO OPERACIÓN
GENERAL MOTORS DE MEXICO S. DE R.,FIT 0579 BOLETA SCRAP FUNDICION
GENERAL MOTORS DE MEXICO S. DE R.,PER AUT ESP CONF SILAO
GENERAL MOTORS DE MEXICO S. DE R.,SHIPPER AW
GENERAL MOTORS DE MEXICO S. DE R.,SHIPPER BI
GENERAL MOTORS DE MEXICO S. DE R.,PASE INTERPLANTAS
GLOBAL PAYMENTS TECHNOLOGY MEXICO,AUTOSOBRE
HSBC MEXICO INSTITUCION DE BANCA,CARTAS CESION
HSBC MEXICO INSTITUCION DE BANCA,CARTAS CONSUMO
HSBC MEXICO INSTITUCION DE BANCA,CARTAS CONSUMO NE
HSBC MEXICO INSTITUCION DE BANCA,CARTAS CSEM
IDEMIA MEXICO SA DE CV,AT&T
IDEMIA MEXICO SA DE CV,TELCEL
IDEMIA MEXICO SA DE CV,UNEFON
SALUD DIGNA,RECIBO DE CUOTA
SCOTIABANK INVERLAT S.A.,CARTAS INACTIVIDAD
